date,content,username,upvotes,subreddit,url,sentiment
2025-03-17T12:35:01,"Memecoins are crashing, what are your favorite utility projects?",GiantOneEyedDwarf,348,CryptoCurrency,https://www.reddit.com/r/CryptoCurrency/comments/1jdh0qh/memecoins_are_crashing_what_are_your_favorite/,0.5
2023-04-30T19:31:40,Am I wrong if I have zero empathy for people who invest in PEPE and lose money?,middlemangv,413,CryptoCurrency,https://www.reddit.com/r/CryptoCurrency/comments/1346f56/am_i_wrong_if_i_have_zero_empathy_for_people_who/,-0.5
2023-05-30T07:42:42,"PEPE site homepage has a frog, pants down butt out and pissing on memecoin logos. PEPE pumps and dumps multiple times everyday. The same PEPE that is by far one of the most well-known and easily in top 100 most valuable tokens by market cap. This is embarrassing for the ""future of finance"" in crypto",OneThatNoseOne,456,CryptoCurrency,https://www.reddit.com/r/CryptoCurrency/comments/13vnz0l/pepe_site_homepage_has_a_frog_pants_down_butt_out/,0.13827160493827162
2025-01-25T01:03:25,Traders lose millions as memecoin downturn deepens,ChemicalAnybody6229,261,CryptoCurrency,https://cointelegraph.com/news/trump-memecoin-losses-traders-lose-millions,0.0
2025-02-19T23:12:58,Memecoins are officially ‘cooked’ after Libragate,GreedVault,131,CryptoCurrency,https://cointelegraph.com/news/are-memecoins-over-crypto-vc-execs-debate,0.0
2023-05-07T09:54:11,"PEPE memecoin's 38% slide leaves whale nursing $500,000 paper loss",seniorbatista19,440,CryptoCurrency,https://www.theblock.co/post/229726/pepe-coin-price-slide-whale-loss,0.0
2025-03-19T00:21:07,Famed investor Cathie Wood says most memecoins will end up ‘worthless’,GreedVault,109,CryptoCurrency,https://www.straitstimes.com/business/companies-markets/famed-investor-cathie-wood-says-most-memecoins-will-end-up-worthless,-0.15000000000000002
2024-02-27T21:34:06,Pepe leads memecoin rally with blistering 118% surge over 48 hours,DistinctCellar,269,CryptoCurrency,https://cryptoslate.com/pepe-leads-memecoin-rally-with-blistering-118-surge-over-48-hours/,0.0
2024-11-14T12:54:27,Memecoins outperforming altcoins this bull market season,CatNDoge42,8,CryptoCurrency,https://www.reddit.com/r/CryptoCurrency/comments/1grareu/memecoins_outperforming_altcoins_this_bull_market/,0.0
2024-03-17T10:18:25,The memecoin portfolio experiment. 2nd week,Cryptogenia,196,CryptoCurrency,https://www.reddit.com/r/CryptoCurrency/comments/1bgym9c/the_memecoin_portfolio_experiment_2nd_week/,0.0
2023-04-21T22:03:15,Investor buys the 'wrong' PEPE coin and loses $1500 in less than 4 hours,reddito321,201,CryptoCurrency,https://www.reddit.com/r/CryptoCurrency/comments/12uqzht/investor_buys_the_wrong_pepe_coin_and_loses_1500/,-0.32222222222222224
2024-03-30T18:46:45,"Is memecoin market getting over saturated, leaving no room for new launches?",merryfasos,26,CryptoCurrency,https://www.reddit.com/r/CryptoCurrency/comments/1brupk2/is_memecoin_market_getting_over_saturated_leaving/,0.13636363636363635
2024-11-23T09:25:08,Memecoins can be fun as long as you treat them as gambling,QualifiedUser,95,CryptoCurrency,https://www.reddit.com/r/CryptoCurrency/comments/1gy0r6n/memecoins_can_be_fun_as_long_as_you_treat_them_as/,0.125
2024-11-26T04:58:10,"Binance CZ Calls Memecoins ""Weird,"" Pushes for Real Blockchain Applications - 36Crypto",Abdeliq,160,CryptoCurrency,https://36crypto.com/binance-cz-calls-memecoins-weird-pushes-for-real-blockchain-applications/,-0.15
2024-12-15T06:22:26,"Do you guys know why Dogecoin, Shiba Inu & Pepe are some of the biggest coins in crypto? Trust & freedom.",Immediate_Check_74,0,CryptoCurrency,https://www.reddit.com/r/CryptoCurrency/comments/1heqn7p/do_you_guys_know_why_dogecoin_shiba_inu_pepe_are/,0.0
2023-05-11T06:58:14,This artist just made a memecoin that skyrocketed to a $77 million market cap. He mostly used GPT-4,fortune,143,CryptoCurrency,https://fortune.com/crypto/2023/05/11/new-memecoin-77-million-market-cap-gpt-4/,0.5
2024-03-01T09:38:16,Memecoins Mania,TopAlert2383,6,CryptoCurrency,https://www.reddit.com/r/CryptoCurrency/comments/1b3vsrv/memecoins_mania/,0.0
2023-05-02T07:24:02,Anon turns 1 ETH into 920 ETH from PEPE,torpidtrotter,20,CryptoCurrency,https://www.reddit.com/r/CryptoCurrency/comments/135i9p5/anon_turns_1_eth_into_920_eth_from_pepe/,0.0
2023-05-05T14:26:43,You think the current memecoin frenzy is dumb now? I have a dumb prediction for when the next bull run comes and crazier amounts of dumb money inevitably flow in.,TurbulentMoon,77,CryptoCurrency,https://www.reddit.com/r/CryptoCurrency/comments/138x3el/you_think_the_current_memecoin_frenzy_is_dumb_now/,-0.1875
2023-04-18T02:44:30,'Pepe the Frog' memecoins rocket as crypto degens move away from Doge obsession,bc7915dawg,61,CryptoCurrency,https://www.coindesk.com/markets/2023/04/18/pepe-the-frog-memecoins-rocket-as-crypto-twitter-moves-over-doge-obsession/,0.0
2024-12-07T17:52:00,"Pepe memecoin flips Uniswap token in market cap, hits all-time high",partymsl,69,CryptoCurrency,https://cointelegraph.com/news/pepe-memecoin-flips-uniswap-market-cap,0.16
2024-06-02T05:10:57,Memecoins PEPE chart,BlazingJava,0,CryptoCurrency,https://www.reddit.com/r/CryptoCurrency/comments/1d699eh/memecoins_pepe_chart/,0.0
2024-12-22T00:02:24,Ever wonder how Memecoins like Turbo Toad Token have blown up! 1 word - Community,Immediate_Check_74,0,CryptoCurrency,https://www.reddit.com/r/CryptoCurrency/comments/1hjrpo6/ever_wonder_how_memecoins_like_turbo_toad_token/,0.0
2024-03-04T12:59:17,6 Dogs and a Frog. But which Memecoin in the Top 100 is worth your attention?,TNGSystems,0,CryptoCurrency,https://www.reddit.com/r/CryptoCurrency/comments/1b6hifl/6_dogs_and_a_frog_but_which_memecoin_in_the_top/,0.4
2024-12-31T07:01:51,Pepe (PEPE) Defies Market Sentiment With 6% Surge After Interaction From Elon Musk: Details,Illperformance6969,0,CryptoCurrency,https://cryptopotato.com/pepe-pepe-defies-market-sentiment-with-6-surge-after-interaction-from-elon-musk-details/,0.0
2023-05-08T19:39:02,"No, you cannot get rich from simply creating a new memecoin. You need liquidity first.",mc292,62,CryptoCurrency,https://www.reddit.com/r/CryptoCurrency/comments/13c8trp/no_you_cannot_get_rich_from_simply_creating_a_new/,0.1903409090909091
2023-04-22T00:49:30,Let’s talk about memecoins,thcdumpster16,3,CryptoCurrency,https://www.reddit.com/r/CryptoCurrency/comments/12uv14i/lets_talk_about_memecoins/,0.0
2023-06-05T08:49:48,Pepe whales realize losses in latest slate of memecoin selling,Icy_Trip7568,30,CryptoCurrency,https://www.theblock.co/post/233100/pepe-whales-losses-selling?utm_source=twitter&utm_medium=social,0.5
2023-08-28T16:23:17,People are looking at PEPE’s $15million rugpull all wrong:,Into-the-Beyond,0,CryptoCurrency,https://www.reddit.com/r/CryptoCurrency/comments/163wx16/people_are_looking_at_pepes_15million_rugpull_all/,-0.5
2023-05-11T13:58:05,The Dark Side of Memecoins: Different Types of Ponzi Schemes,kirtash93,27,CryptoCurrency,https://www.reddit.com/r/CryptoCurrency/comments/13euqpq/the_dark_side_of_memecoins_different_types_of/,-0.075
2025-01-14T06:07:54,Why are we like this ,goldyluckinblokchain,1126,CryptoCurrency,https://i.redd.it/j18cfojbzxce1.jpeg,0.0
2023-05-06T02:13:44,The Importance of Shitcoins and Memecoins in Crypto Adoption,-CharacterX-,16,CryptoCurrency,https://www.reddit.com/r/CryptoCurrency/comments/139e7ks/the_importance_of_shitcoins_and_memecoins_in/,0.0
2023-04-23T21:16:13,Pepe & Other Memecoin Hype Sends Ethereum Gas Fees Through The Roof,Ninja_Gogen,24,CryptoCurrency,https://blockonomi.com/pepe-other-memecoin-hype-sends-ethereum-gas-fees-through-the-roof/,-0.125
2023-06-04T10:33:54,4 Meme Coins to Watch as PEPE Coin Mania Winds Down,DiegoBoy98,0,CryptoCurrency,https://cryptopotato.com/4-meme-coins-to-watch-as-pepe-coin-mania-winds-down/,-0.15555555555555556
2023-07-10T05:45:23,"Bitcoin Shaky at $30K, PEPE Drops 7% Daily",eat-sleep-rave,1,CryptoCurrency,https://cryptopotato.com/bitcoin-shaky-at-30k-pepe-drops-7-daily-market-watch/,-0.16666666666666666
2024-06-15T09:40:45,Memecoin supercycle - Investing a low percentage of one's portfolio into memecoins to increase ROI,derika22,0,CryptoCurrency,https://www.reddit.com/r/CryptoCurrency/comments/1dgi8b9/memecoin_supercycle_investing_a_low_percentage_of/,0.0
2023-05-06T11:01:35,Here's how some memecoins shoot up and sometimes have staying power,X2WE,3,CryptoCurrency,https://www.reddit.com/r/CryptoCurrency/comments/139s8vt/heres_how_some_memecoins_shoot_up_and_sometimes/,0.0
2023-04-24T09:09:54,"Memecoin 'Frenzy' Cools As Dogecoin, PEPE Slip - Decrypt",nevjera,4,CryptoCurrency,https://decrypt.co/137655/memecoin-phenomenon-cools-as-dogecoin-pepe-slip,0.0
2023-05-11T06:42:30,Pepe the Frog meme creator and copyright owner Matt Furie weighs in on the memecoin mania and says he's a Dogecoin maxi,noob_zarathustra,2,CryptoCurrency,https://www.reddit.com/r/CryptoCurrency/comments/13ejk4s/pepe_the_frog_meme_creator_and_copyright_owner/,0.0
2024-03-15T07:43:10,"PEPE, Solana’s WIF Score Fresh ATHs: Are Bulls Here To Stay?",Omn1Crypto,1,CryptoCurrency,https://dailycoin.com/pepe-solanas-wif-score-fresh-aths-are-bulls-here-to-stay/,0.3
2023-05-16T23:00:13,Scammers Are Exploiting PEPE Memecoin Hysteria: Report,nevjera,5,CryptoCurrency,https://cryptopotato.com/scammers-are-exploiting-pepe-memecoin-hysteria-report/,0.0
2023-06-20T05:15:55,Memecoin BOB Tanks After Elon Musk Calls Twitter Bot Account a Scam,Crypto-Jim33,5,CryptoCurrency,https://coinmarketcap.com/alexandria/article/memecoin-bob-tanks-after-elon-musk-calls-twitter-bot-account-a-scam,0.0
2023-05-04T07:43:25,ChatGPT Empowers Digital Artist to Generate a Memecoin Worth $50M,torpidtrotter,0,CryptoCurrency,https://thenewscrypto.com/chatgpt-empowers-digital-artist-to-generate-a-memecoin-worth-50m/,0.15
2023-06-07T08:45:01,Research Shows Majority of Pepe Investors Caught in High-Stakes Game of Musical Chairs,pojut,4,CryptoCurrency,https://www.coindesk.com/markets/2023/06/07/research-shows-majority-of-pepe-investors-caught-in-high-stakes-game-of-musical-chairs/,-0.2
2023-05-06T19:27:38,Americans Lead the Memecoin Craze in 2023,eat-sleep-rave,0,CryptoCurrency,https://cryptopotato.com/americans-lead-the-memecoin-craze-in-2023-study/,0.0
2023-05-15T10:35:05,[SATIRE] Creators of PEPE start a new crypto project as a way of atoning for their pump and dump sins: POPE,Beyonderr,3,CryptoCurrency,https://www.reddit.com/r/CryptoCurrency/comments/13ia3v6/satire_creators_of_pepe_start_a_new_crypto/,0.13636363636363635
2023-04-20T07:05:30,Ethereum gas fee jumped due to memecoin frenzy with mixed comments on network usability,Ok_Play_7144,4,CryptoCurrency,https://cointelegraph.com/news/ethereum-gas-fee-jumped-due-to-meme-coin-frenzy-with-mixed-comments-on-network-usability,-0.0625
2023-07-08T09:56:46,"Memecoin Copycats: Second Generation Aims to Replicate DOGE, SHIB, and PEPE Success",ConfidenceNo2598,0,CryptoCurrency,https://beincrypto.com/memecoin-copycats-doge-shib-pepe/,0.15
2023-05-16T10:46:39,"Altcoin Cleansing Underway As PEPE Memecoin Signals Market Cycle Top, According to Analyst Nicholas Merten - The Daily Hodl",deftaj,0,CryptoCurrency,https://dailyhodl.com/2023/05/16/altcoin-cleansing-underway-as-pepe-memecoin-signals-market-cycle-top-according-to-analyst-nicholas-merten/,0.25
2021-10-12T18:37:47,Scientists study 2 million memes to understand their evolution wtf?! That's why memecoins are so popular and especially to invest money... Because memes attract investors like a magnet. We have seen this with Doge and we will see the same with Shiba...,Crypto-Jim33,0,CryptoCurrency,https://www.reddit.com/r/CryptoCurrency/comments/q6xhah/scientists_study_2_million_memes_to_understand/,-0.0062500000000000056
2023-05-27T11:54:03,"What single word, if spoken, instantly marks a person as someone who does not understand crypto at all",TinaBack43,87,CryptoCurrency,https://www.reddit.com/r/CryptoCurrency/comments/13taxm0/what_single_word_if_spoken_instantly_marks_a/,-0.03571428571428571
2023-07-22T08:05:46,"PEPE2.0 went from a value and market cap of literally zero to a market cap of 40 Million on day 1, doubled to 80 Million on day 2 and then rekt and used all the newcomers thereafter as exit liquidity from day 3 straight until today",OneThatNoseOne,146,CryptoCurrency,https://www.reddit.com/r/CryptoCurrency/comments/156idv9/pepe20_went_from_a_value_and_market_cap_of/,0.2
2024-03-20T19:42:49,Why the main narratives around the top Crypto AI projects are all bullcrap,HSuke,184,CryptoCurrency,https://www.reddit.com/r/CryptoCurrency/comments/1bjs7oo/why_the_main_narratives_around_the_top_crypto_ai/,0.3333333333333333
2023-08-11T21:11:16,Crypto has moved into territory I do not understand,WallStLegends,65,CryptoCurrency,https://www.reddit.com/r/CryptoCurrency/comments/15oqoh0/crypto_has_moved_into_territory_i_do_not/,0.0
2024-12-08T14:48:31,My conservative price predictions for this cycle,Successful_Pin_2641,0,CryptoCurrency,https://www.reddit.com/r/CryptoCurrency/comments/1h9r2l4/my_conservative_price_predictions_for_this_cycle/,0.0
2025-01-19T07:41:27,Coinbase listing a 1 day old memecoin with 80% of the supply owned by insiders but avoid listing coins with actual teams that have been building for years and keep adding value.,Silver-Maximum9190,13818,CryptoCurrency,https://i.redd.it/4lrz1tzj4yde1.jpeg,0.05
2023-07-06T15:13:00,PEPE2 is making me lose faith in humanity.,NoPrompt2520,55,CryptoCurrency,https://www.reddit.com/r/CryptoCurrency/comments/14sirbp/pepe2_is_making_me_lose_faith_in_humanity/,0.0
2025-01-29T22:02:16,Us senator john cornyn rugpulled a memecoin,kaitsuww,8286,CryptoCurrency,https://www.reddit.com/gallery/1idcm70,0.0
2023-06-17T13:12:31,10 Amazing Tools to Help You on Your Crypto Journey,conceiv3d-in-lib3rty,175,CryptoCurrency,https://www.reddit.com/r/CryptoCurrency/comments/14bwbj2/10_amazing_tools_to_help_you_on_your_crypto/,0.6000000000000001
2023-07-28T13:16:42,I am the anti-hopium dealer. Hear me out.,Qptimised,60,CryptoCurrency,https://www.reddit.com/r/CryptoCurrency/comments/15c3dx8/i_am_the_antihopium_dealer_hear_me_out/,0.0
2024-12-19T17:43:06,"Hawk Tuah girl, Hailey Welch, sued over the memecoin collapse",CragBawz,10059,CryptoCurrency,https://www.cryptopolitan.com/hawk-tuah-sued-over-the-memecoin-collapse/,0.0
2023-04-22T12:16:26,Are Shitcoin and Meme Coins the Same Thing?,badfishbeefcake,25,CryptoCurrency,https://www.reddit.com/r/CryptoCurrency/comments/12vattj/are_shitcoin_and_meme_coins_the_same_thing/,0.0
2024-12-18T21:25:25,Why is nobody talking about Verifiable Compute?,Unlucky_Hearing5368,0,CryptoCurrency,https://www.reddit.com/r/CryptoCurrency/comments/1hhijae/why_is_nobody_talking_about_verifiable_compute/,0.0
2024-12-06T20:30:14,Im new to trading crypto. What would you recommend for a newbie?,Zealousideal-Ad6981,0,CryptoCurrency,https://www.reddit.com/r/CryptoCurrency/comments/1h8hc3p/im_new_to_trading_crypto_what_would_you_recommend/,0.13636363636363635
2025-01-17T22:45:48,Donald Trump is shilling a brand new memecoin in which the creator owns 80% of the supply on Twitter and TruthSocial and nobody knows if he was hacked or not.,GabeSter,4585,CryptoCurrency,https://i.redd.it/u82gvxbubode1.png,0.13636363636363635
2023-05-06T19:52:12,"I just deep dived into crypto twitter,won't recommend it for at least a few weeks",OutrageousStudy6752,76,CryptoCurrency,https://www.reddit.com/r/CryptoCurrency/comments/13a6ema/i_just_deep_dived_into_crypto_twitterwont/,-0.16666666666666666
2025-01-21T08:01:31,"Cuba, country with $147B GDP launched an official Memecoin and then rug pulled shortly after it pumped millions, now they have removed the tweet and account from “X”.",Silver-Maximum9190,6692,CryptoCurrency,https://i.redd.it/uxhxlawyhcee1.jpeg,0.0
2023-05-13T12:07:17,People on this sub don't get this.,MymannosaurusRex,0,CryptoCurrency,https://www.reddit.com/r/CryptoCurrency/comments/13glg8e/people_on_this_sub_dont_get_this/,0.0
2024-12-02T07:33:14,PEPU legitimacy concerns,space_mayooo,0,CryptoCurrency,https://www.reddit.com/r/CryptoCurrency/comments/1h4txgv/pepu_legitimacy_concerns/,0.0
2023-05-07T11:20:08,Why you don’t have to listen to people on this sub all the time,thom_orrow,12,CryptoCurrency,https://www.reddit.com/r/CryptoCurrency/comments/13at8wj/why_you_dont_have_to_listen_to_people_on_this_sub/,0.0
2023-05-16T12:45:51,Why I'm short since 31k yet not bearish overall,TarkovReddit0r,40,CryptoCurrency,https://www.reddit.com/r/CryptoCurrency/comments/13jaf4h/why_im_short_since_31k_yet_not_bearish_overall/,0.0
2024-06-29T05:53:23,Ways to outperform 99% of portfolios while staying relatively safe,GoodNature33,0,CryptoCurrency,https://www.reddit.com/r/CryptoCurrency/comments/1dr7pvh/ways_to_outperform_99_of_portfolios_while_staying/,0.5
2024-08-19T16:19:36,Dodgecoin hype over? Is the meme coin craze fading away.,Mr_Hodlerr,0,CryptoCurrency,https://www.reddit.com/r/CryptoCurrency/comments/1ewc05s/dodgecoin_hype_over_is_the_meme_coin_craze_fading/,0.0
2024-08-16T13:59:51,Looking for excitement in life? Is crypto the answer?,Mr_Hodlerr,0,CryptoCurrency,https://www.reddit.com/r/CryptoCurrency/comments/1etvj38/looking_for_excitement_in_life_is_crypto_the/,0.0
2025-02-14T16:44:21,Hawk Tuah girl's boyfriend 'wants money back' after memecoin fallout,Odd-Radio-8500,3171,CryptoCurrency,https://www.indy100.com/news/hailey-welch-hawk-tuah-cryptocurrency-2671156396,0.1
2023-05-24T17:10:19,This is why you should not buy THAT coin,LrnFaroeseWthBergur,6,CryptoCurrency,https://www.reddit.com/r/CryptoCurrency/comments/13qxttt/this_is_why_you_should_not_buy_that_coin/,0.0
2025-02-02T13:41:46,"Bitcoin dips below $100,000, memecoins plummet as market responds to US tariffs",sadiq_238,2249,CryptoCurrency,https://www.theblock.co/post/338403/bitcoin-dips-below-100000-memecoins-plummet-as-market-responds-to-us-tariffs,0.0
2025-03-01T13:08:39,"Whale Dumps Entire Stash of US First Lady Melania Trump’s Official Memecoin at $15,680,000 Loss: Lookonchain",sadiq_238,2837,CryptoCurrency,https://dailyhodl.com/2025/02/28/whale-dumps-entire-stash-of-us-first-lady-melania-trumps-official-memecoin-at-15680000-loss-lookonchain/,0.125
2023-05-15T13:05:31,Having ability to chose between multiple different coins is benefitial for crypto community. Monopoly of one or two projects wouldn't be good. No single coin can be good for everything.,Nuewim,20,CryptoCurrency,https://www.reddit.com/r/CryptoCurrency/comments/13idtqu/having_ability_to_chose_between_multiple/,0.2871428571428571
2024-07-04T16:13:14,Hamster Kombat hits 239M users in 81 days — Telegram’s Durov,kirtash93,0,CryptoCurrency,https://cointelegraph.com/news/hamster-kombat-239-million-users-telegram-durov,0.0
2023-07-22T16:00:48,The Utility lie - Why Shitcoins outperform good projects [SERIOUS2][NO MOONS],TarkovRedditor,6,CryptoCurrency,https://www.reddit.com/r/CryptoCurrency/comments/156tpoi/the_utility_lie_why_shitcoins_outperform_good/,0.7
2023-04-19T05:16:01,When meme coins and unknown sketchy projects start pumping like crazy it's good to exercise extreme caution.,Socialinfluencing,14,CryptoCurrency,https://www.reddit.com/r/CryptoCurrency/comments/12rmzbq/when_meme_coins_and_unknown_sketchy_projects/,-0.03125
2023-05-05T09:26:47,"Don't waste time thinking about wasted opportunities in crypto. Instead analize them and decide if you were just unlucky (it happen) or if you made actual mistake. If the former you have nothing to regret, if latter then learn your lesson and be better next time.",Nuewim,22,CryptoCurrency,https://www.reddit.com/r/CryptoCurrency/comments/138lpo3/dont_waste_time_thinking_about_wasted/,0.014285714285714282
2023-07-22T18:05:39,I took a look at Elon GOAT coin that was created as a marketing stunt to get Elon Musk to invest in it.,RCALovah,8,CryptoCurrency,https://www.reddit.com/r/CryptoCurrency/comments/156wr8a/i_took_a_look_at_elon_goat_coin_that_was_created/,0.0
2021-05-08T11:28:35,"You hear about the kid who put in $500 into a memecoin and made 100k, but you don't hear about the hundreds who put $1000 and are left with $0.1",jonbristow,53913,CryptoCurrency,https://www.reddit.com/r/CryptoCurrency/comments/n7rl2y/you_hear_about_the_kid_who_put_in_500_into_a/,0.0
2024-01-03T04:16:12,Inverse r/cc Long/Short Index,nevermindthebbb,14,CryptoCurrency,https://www.reddit.com/r/CryptoCurrency/comments/18xf86c/inverse_rcc_longshort_index/,0.0
2023-05-10T13:43:05,"Why Do Developers Create Popular Meme Coins On Ethereum Mainnet Despite Complaints About High Gas Fees From The Majority Of The Investors? Possible Reasons Like Legitimacy, Liquidity, And Forced HODL Explained.",ChemicalGreek,11,CryptoCurrency,https://www.reddit.com/r/CryptoCurrency/comments/13dxuz0/why_do_developers_create_popular_meme_coins_on/,0.11499999999999999
2024-12-05T05:46:28,The famous Hawk Tuah girl Haliey Welch’s HAWK memecoin has sparked controversy as its price dumps over 90% within hours. One of the key reasons behind HAWK price crashing was a finding of alleged snipers and insiders. ,CryptoNerd_16,1585,CryptoCurrency,https://www.cryptotimes.io/2024/12/05/hawk-tuah-girls-hawk-memecoin-dumps-90-faces-backlash/,-6.938893903907228e-18
2025-02-19T00:20:28,Dave Portnoy rugpulled his own memecoin after bitching at 'leeches' LIVE on X as coin was pumping,etherd0t,1829,CryptoCurrency,https://blockchain.news/flashnews/dave-portnoy-sells-entire-greed-holdings-causing-99-price-crash,0.36818181818181817
2024-12-20T10:38:21,Hawk Tuah girl ‘Haliey Welch’ after rug-pulling millions in a memecoin has responded by saying “She is cooperating with a legal team to help victims and hold the responsible parties accountable”.,Silver-Maximum9190,1044,CryptoCurrency,https://i.redd.it/5wv5bp6sw08e1.jpeg,0.2
2025-01-30T11:31:17,"Ross Ulbricht lost $12M on memecoin, he accidentally nuked the price of a pumpfun coin sent to him while trying to provide liquidity on Raydium.",Silver-Maximum9190,1065,CryptoCurrency,https://www.reddit.com/gallery/1idqx9d,0.0
2021-12-25T09:35:19,"Theory: Memecoins that have had substantial pumps like DOGE will never reach their ATH again because memecoin investors want ""the next DOGE"", not DOGE",Hsiang7,6823,CryptoCurrency,https://www.reddit.com/r/CryptoCurrency/comments/roaupy/theory_memecoins_that_have_had_substantial_pumps/,0.0
2023-04-18T13:45:21,Don't chase shitcoins in the upcoming months,Florian995,8,CryptoCurrency,https://www.reddit.com/r/CryptoCurrency/comments/12qxwmc/dont_chase_shitcoins_in_the_upcoming_months/,0.0
2025-01-24T16:57:11,Donald Trump says 'I don't know much about' the TRUMP memecoin,sadiq_238,1432,CryptoCurrency,https://www.theblock.co/post/336242/donald-trump-says-i-dont-know-much-about-the-trump-memecoin,0.2
2023-05-28T17:05:05,The Power of Memes in Web3 Marketing,koelebobes,7,CryptoCurrency,https://beincrypto.com/memes-in-web3-marketing/,0.0
2023-05-10T18:53:20,Surging Staking Rewards Rate Generates Record $46M Earnings for Ethereum Validators,Anirudha1999,3,CryptoCurrency,https://www.reddit.com/r/CryptoCurrency/comments/13e61qm/surging_staking_rewards_rate_generates_record_46m/,0.0
2023-05-18T14:08:59,OpenAI Founder Sam Altman To Raise $100 Million In New Funding For Worldcoin,brbinsky,2,CryptoCurrency,https://news.coincu.com/187287-openai-founder-sam-altman-raise-100-million/,0.13636363636363635
2025-01-19T11:43:35,Trump leap frogs Shiba to become the second highest marketcap memecoin... In just 36 hours since it was released. ,GabeSter,693,CryptoCurrency,https://i.redd.it/14masy4obzde1.png,0.0
2021-04-21T12:53:49,"Doge may be a memecoin, but it brought me to this community and made me invest in other crypto.",phantomimp,5706,CryptoCurrency,https://www.reddit.com/r/CryptoCurrency/comments/mvjzem/doge_may_be_a_memecoin_but_it_brought_me_to_this/,-0.125
2023-04-20T21:31:38,"Crypto Pragmatist: A bug, not a feature",ChaoticNeutralNephew,7,CryptoCurrency,https://www.reddit.com/r/CryptoCurrency/comments/12tm4iv/crypto_pragmatist_a_bug_not_a_feature/,0.0
